kpi,value,business_meaning
U.S. Toy Market,$33.59B,2023 base market used for opportunity sizing
TAM,$11.75B,35% educational/interactive segment assumption
SAM,$4.70B,40% demographic focus within TAM
SOM,$94.05M,2% penetration assumption within SAM
AI Smart Toy CAGR,14.2%,2024-2034
Top Launch Market,California,Composite score 28/30
Highest Income Score,Massachusetts,Income score 10/10
Largest Online Traffic,Amazon,79.1M organic traffic in report table
Offline Sales Share,80.88%,Supports hybrid online + physical retail strategy
