category,kpi,benchmark,interpretation
Digital,View-to-like ratio,1-5%,Engagement quality benchmark
Digital,CTR,2-5%,Ad-to-landing-page benchmark
Website,Sign-up rate,2-5%,Strong sites may exceed 11%
Website,Bounce rate,<=40%,Above 55% indicates improvement needed
Retention,Annual churn,4-7%,Report notes manageable range
Product,DAU / MAU,Track,Active-use intensity
Product,Avg engagement time,Track,Depth of product engagement
AI,Response accuracy,Track,Quality of AI interaction
Loyalty,NPS,Track,Referral likelihood
